-- Customers Table
CREATE TABLE Customers (
  CustomerID INT,
  Name VARCHAR(70),
  Email VARCHAR(200)
);

INSERT INTO Customers (CustomerID, Name, Email) 
VALUES
  (18473, 'James Bourcher','JamesB@hotmail.com'),
  (14392, 'Dera Solly', 'Derarmama@hotmail.com'),
  (48391, 'Kel Marr', 'Kelhav@hotmail.com'),
  (10497, 'Edward Pillington', 'Ed@gmail.com'),
  (78490, 'King Von', 'Oblock64@yahoo.com'),
  (58294, 'Lil Durk', 'Lamron300@gmail.com'),
  (100001, 'Alice Green', 'alice.green@example.com'),
  (100002, 'Bob Blue', 'bob.blue@example.com'),
  (100003, 'Cathy Red', 'cathy.red@example.com'),
  (100004, 'David White', 'david.white@example.com'),
  (100005, 'Eva Black', 'eva.black@example.com'),
  (100006, 'Frank Yellow', 'frank.yellow@example.com'),
  (100007, 'Grace Purple', 'grace.purple@example.com'),
  (100008, 'Hank Orange', 'hank.orange@example.com'),
  (100009, 'Ivy Pink', 'ivy.pink@example.com'),
  (100010, 'Jack Silver', 'jack.silver@example.com'),
  (100011, 'Kara Gold', 'kara.gold@example.com'),
  (100012, 'Liam Bronze', 'liam.bronze@example.com'),
  (100013, 'Mia Copper', 'mia.copper@example.com'),
  (100014, 'Nate Platinum', 'nate.platinum@example.com'),
  (100015, 'Olivia Diamond', 'olivia.diamond@example.com'),
  (100016, 'Paul Crystal', 'paul.crystal@example.com'),
  (100017, 'Quinn Jade', 'quinn.jade@example.com'),
  (100018, 'Rita Ruby', 'rita.ruby@example.com'),
  (100019, 'Sam Sapphire', 'sam.sapphire@example.com'),
  (100020, 'Tina Topaz', 'tina.topaz@example.com'),
  (100021, 'Umar Onyx', 'umar.onyx@example.com'),
  (100022, 'Vera Amber', 'vera.amber@example.com'),
  (100023, 'Will Opal', 'will.opal@example.com'),
  (100024, 'Xena Pearl', 'xena.pearl@example.com'),
  (100025, 'Yusuf Quartz', 'yusuf.quartz@example.com'),
  (100026, 'Zara Agate', 'zara.agate@example.com'),
  (100027, 'Adam Flint', 'adam.flint@example.com'),
  (100028, 'Bella Clay', 'bella.clay@example.com'),
  (100029, 'Chris Moss', 'chris.moss@example.com'),
  (100030, 'Diana Fern', 'diana.fern@example.com'),
  (100031, 'Ethan Reed', 'ethan.reed@example.com'),
  (100032, 'Fiona Lake', 'fiona.lake@example.com'),
  (100033, 'George Hill', 'george.hill@example.com'),
  (100034, 'Hannah Vale', 'hannah.vale@example.com'),
  (100035, 'Ian Wood', 'ian.wood@example.com'),
  (100036, 'Julia Cove', 'julia.cove@example.com'),
  (100037, 'Kevin Dale', 'kevin.dale@example.com'),
  (100038, 'Lara Glen', 'lara.glen@example.com'),
  (100039, 'Mark Bay', 'mark.bay@example.com'),
  (100040, 'Nina Shore', 'nina.shore@example.com'),
  (100041, 'Owen Park', 'owen.park@example.com'),
  (100042, 'Paula Crest', 'paula.crest@example.com'),
  (100043, 'Ryan Cliff', 'ryan.cliff@example.com'),
  (100044, 'Sara Field', 'sara.field@example.com'),
  (100045, 'Tom Stone', 'tom.stone@example.com'),
  (100046, 'Uma Ridge', 'uma.ridge@example.com'),
  (100047, 'Victor Glen', 'victor.glen@example.com'),
  (100048, 'Wendy Dell', 'wendy.dell@example.com'),
  (100049, 'Xavier Lake', 'xavier.lake@example.com'),
  (100050, 'Yvonne Bay', 'yvonne.bay@example.com');

-- Products Table
CREATE TABLE Products (
  ProductID INT,
  ProductName VARCHAR(150),
  Category VARCHAR(150)
);

INSERT INTO Products (ProductID, ProductName, Category) 
VALUES
  (991, 'orange', 'fruit'),
  (992, 'apple', 'fruit'),
  (993, 'banana', 'fruit'),
  (994, 'grape', 'fruit'),
  (131, 'tomato', 'vegetable'),
  (132, 'carrot', 'vegetable'),
  (133, 'spinach', 'vegetable'),
  (483, 'tuna', 'fish'),
  (432, 'salmon', 'fish'),
  (417, 'cod', 'fish'),
  (418, 'blueberry', 'fruit'),
  (419, 'blackberry', 'fruit'),
  (420, 'cucumber', 'vegetable'),
  (421, 'lettuce', 'vegetable'),
  (422, 'mackerel', 'fish'),
  (423, 'trout', 'fish'),
  (424, 'peach', 'fruit'),
  (425, 'plum', 'fruit'),
  (426, 'broccoli', 'vegetable'),
  (427, 'asparagus', 'vegetable');

-- Prices Table
CREATE TABLE Prices (
  PricesID INT,
  ProductID INT,
  Price DECIMAL(13,2),
  EffectiveDate DATE
);

INSERT INTO Prices (PricesID, ProductID, Price, EffectiveDate) 
VALUES
  (1, 991, 1.29, '2025-01-01'),
  (2, 992, 1.09, '2025-01-01'),
  (3, 993, 0.99, '2025-01-01'),
  (4, 994, 1.2493, '2025-01-01'),
  (5, 131, 0.89, '2025-01-01'),
  (6, 132, 0.91, '2025-01-01'),
  (7, 133, 1.28, '2025-01-01'),
  (8, 483, 2.99, '2025-01-01'),
  (9, 432, 4.99, '2025-01-01'),
  (10, 417, 2.59, '2025-01-01'),
  (11, 418, 3.50, '2025-01-01'),
  (12, 419, 3.70, '2025-01-01'),
  (13, 420, 1.20, '2025-01-01'),
  (14, 421, 1.00, '2025-01-01'),
  (15, 422, 4.50, '2025-01-01'),
  (16, 423, 4.75, '2025-01-01'),
  (17, 424, 2.25, '2025-01-01'),
  (18, 425, 2.00, '2025-01-01'),
  (19, 426, 1.60, '2025-01-01'),
  (20, 427, 2.10, '2025-01-01');

-- Orders Table
CREATE TABLE Orders (
  OrderID INT,
  CustomerID INT,
  OrderDate DATE
);

INSERT INTO Orders (OrderID, CustomerID, OrderDate) 
VALUES
  (10001, 18473, '2025-05-10'),
  (10002, 14392, '2025-05-11'),
  (10003, 48391, '2025-05-12'),
  (10004, 10497, '2025-05-13'),
  (10005, 78490, '2025-05-14'),
  (10006, 58294, '2025-05-15'),
  (10007, 100001, '2025-07-01'),
  (10008, 100002, '2025-07-01'),
  (10009, 100003, '2025-07-02'),
  (10010, 100004, '2025-07-02'),
  (10011, 100005, '2025-07-03'),
  (10012, 100006, '2025-07-03'),
  (10013, 100007, '2025-07-04'),
  (10014, 100008, '2025-07-04'),
  (10015, 100009, '2025-07-05'),
  (10016, 100010, '2025-07-05'),
  (10017, 100011, '2025-07-06'),
  (10018, 100012, '2025-07-06'),
  (10019, 100013, '2025-07-07'),
  (10020, 100014, '2025-07-07'),
  (10021, 100015, '2025-07-08'),
  (10022, 100016, '2025-07-08'),
  (10023, 100017, '2025-07-09'),
  (10024, 100018, '2025-07-09'),
  (10025, 100019, '2025-07-10'),
  (10026, 100020, '2025-07-10'),
  (10027, 100021, '2025-07-11'),
  (10028, 100022, '2025-07-11'),
  (10029, 100023, '2025-07-12'),
  (10030, 100024, '2025-07-12'),
  (10031, 100025, '2025-07-13'),
  (10032, 100026, '2025-07-13'),
  (10033, 100027, '2025-07-14'),
  (10034, 100028, '2025-07-14'),
  (10035, 100029, '2025-07-15'),
  (10036, 100030, '2025-07-15'),
  (10037, 100031, '2025-07-16'),
  (10038, 100032, '2025-07-16'),
  (10039, 100033, '2025-07-17'),
  (10040, 100034, '2025-07-17'),
  (10041, 100035, '2025-07-18'),
  (10042, 100036, '2025-07-18'),
  (10043, 100037, '2025-07-19'),
  (10044, 100038, '2025-07-19'),
  (10045, 100039, '2025-07-20'),
  (10046, 100040, '2025-07-20'),
  (10047, 100041, '2025-07-21'),
  (10048, 100042, '2025-07-21'),
  (10049, 100043, '2025-07-22'),
  (10050, 100044, '2025-07-22'),
  (10051, 100045, '2025-07-23'),
  (10052, 100046, '2025-07-23'),
  (10053, 100047, '2025-07-24'),
  (10054, 100048, '2025-07-24'),
  (10055, 100049, '2025-07-25'),
  (10056, 100050, '2025-07-25'),
  (10057, 18473, '2025-07-26'),
  (10058, 14392, '2025-07-26'),
  (10059, 48391, '2025-07-27'),
  (10060, 10497, '2025-07-27');

-- OrderItems Table
CREATE TABLE OrderItems (
  OrderItemID INT,
  OrderID INT,
  ProductID INT,
  Quantity INT
);

INSERT INTO OrderItems (OrderItemID, OrderID, ProductID, Quantity) VALUES
  (1, 10001, 991, 2),
  (2, 10001, 432, 1),  
  (3, 10002, 132, 3),
  (4, 10003, 432, 5),
  (5, 10004, 131, 1),
  (6, 10005, 483, 4),
  (7, 10006, 991, 3),
  (8, 10006, 993, 7),
  (9, 10007, 418, 3),
  (10, 10008, 419, 2),
  (11, 10009, 420, 1),
  (12, 10010, 421, 4),
  (13, 10011, 422, 2),
  (14, 10012, 423, 5),
  (15, 10013, 424, 2),
  (16, 10014, 425, 3),
  (17, 10015, 426, 1),
  (18, 10016, 427, 2),
  (19, 10017, 991, 3),
  (20, 10018, 992, 1),
  (21, 10019, 993, 4),
  (22, 10020, 994, 2),
  (23, 10021, 131, 1),
  (24, 10022, 132, 3),
  (25, 10023, 133, 2),
  (26, 10024, 483, 4),
  (27, 10025, 432, 2),
  (28, 10026, 417, 1),
  (29, 10027, 418, 2),
  (30, 10028, 419, 3),
  (31, 10029, 420, 1),
  (32, 10030, 421, 2),
  (33, 10031, 422, 5),
  (34, 10032, 423, 1),
  (35, 10033, 424, 3),
  (36, 10034, 425, 2),
  (37, 10035, 426, 1),
  (38, 10036, 427, 2),
  (39, 10037, 991, 4),
  (40, 10038, 992, 1),
  (41, 10039, 993, 3),
  (42, 10040, 994, 5),
  (43, 10041, 131, 2),
  (44, 10042, 132, 1),
  (45, 10043, 133, 3),
  (46, 10044, 483, 2),
  (47, 10045, 432, 4),
  (48, 10046, 417, 1),
  (49, 10047, 418, 2),
  (50, 10048, 419, 3),
  (51, 10049, 420, 1),
  (52, 10050, 421, 2),
  (53, 10051, 422, 5),
  (54, 10052, 423, 2),
  (55, 10053, 424, 1),
  (56, 10054, 425, 3),
  (57, 10055, 426, 2),
  (58, 10056, 427, 1),
  (59, 10057, 991, 4),
  (60, 10058, 992, 2);
